{"files":{"index.html":{"frameworks":["Blank Bootstrap 5 Project","pg.bs5.lib","pg.svg.lib","pg.insight.events","pg.css.grid","pg.image.overlay","pg.code-validator","pg.project.items","pg.asset.manager","bs5","pg.html","pg.components"],"last_page_width":1024}},"breakpoints":["576px","768px","992px","1200px","1400px"],"frameworks":["Blank Bootstrap 5 Project","pg.bs5.lib","pg.svg.lib","pg.insight.events","pg.css.grid","pg.image.overlay","pg.code-validator","pg.project.items","pg.asset.manager","bs5","pg.html","pg.components"],"template_framework_id":"bootstrap","urls":{"index.html":{"open-page-views":[{"w":1024,"h":0},{"w":480,"h":0},{"w":480,"h":0}],"open-with-wrapper":false},"_info.html":{"open-page-views":[{"w":640,"h":0}]}},"active-design-provider":"bs5","open-pages":["index.html"],"cs-for-overrides":"style.css","wp-theme-info":{"dir":null,"name":"GabbyTV","slug":"gabbytv","project_version":"2","auto_increment_version":"1","page":"index.html","themejson":"true","wpseo":"true","wpjquery":"false","generator":"true","images":{},"blocks_type":"native-auto","pg_version":"100.0.7","blocks_editor_styles":[],"project_type":"theme","blocks_inline_svg":"false","wc_enabled":"false"},"wp-insight":{"menus":["primary","social"],"taxonomies":["category","post_tag"],"customizer_sections":[],"customizer_controls":[],"post_types":["attachment","page","post"],"template_parts":[],"sidebars":[],"master_pages":[],"image_sizes":["full","large","medium","medium_large","post-thumbnail","thumbnail"],"custom_funcs":[],"block_categories":[]},"source-project-url":"pine/blank-bootstrap-5-project"}