{
    "$schema": "https://schemas.wp.org/trunk/theme.json",
    "version": 2,
    "settings": {
        "color": {
            "palette": [
                {
                    "color": "#0d6efd",
                    "name": "primary",
                    "slug": "primary"
                },
                {
                    "color": "#6c757d",
                    "name": "secondary",
                    "slug": "secondary"
                },
                {
                    "color": "#0dcaf0",
                    "name": "info",
                    "slug": "info"
                },
                {
                    "color": "#198754",
                    "name": "success",
                    "slug": "success"
                },
                {
                    "color": "#ffc107",
                    "name": "warning",
                    "slug": "warning"
                },
                {
                    "color": "#dc3545",
                    "name": "danger",
                    "slug": "danger"
                },
                {
                    "color": "white",
                    "name": "white",
                    "slug": "white"
                },
                {
                    "color": "#f8f9fa",
                    "name": "light",
                    "slug": "light"
                },
                {
                    "color": "#212529",
                    "name": "dark",
                    "slug": "dark"
                }
            ]
        }
    }
}